Niche #,Micro-Niche,Parent Category,Core Keyword,Monthly Search Volume,Keyword Difficulty (1-100),Competition Level,Primary Monetization,Secondary Monetization,Avg Product Price,Est. Monthly Revenue Potential,Target Audience,Content Format,Starter Keywords (5),Affiliate Programs Available,Evergreen Score (1-10),Trend Direction,Notes
1,Ergonomic Standing Desk Accessories,Home Office,"standing desk accessories",6600,35,Low-Medium,Amazon Affiliate,Digital Product (desk setup guide),$30-$200,$500-$3000,Remote workers 25-45,Review articles + comparison tables,"standing desk mat, desk cable management, monitor arm for standing desk, standing desk converter, desk organizer for home office",Amazon Associates / ShareASale,9,Growing,Remote work trend is permanent — sub-niche of $12B office furniture market
2,AI Art Prompt Engineering,AI & Technology,"ai art prompts",14800,28,Low,Digital Products (prompt packs),Affiliate (AI tool subscriptions),$5-$29,$1000-$8000,Digital artists & hobbyists,Tutorials + prompt galleries,"midjourney prompts, stable diffusion prompts, dall-e prompt guide, ai art style prompts, negative prompts for ai art",Midjourney Affiliate / Creative Market,7,Growing Fast,New niche — low competition but volatile. Move fast.
3,Meal Prep for Bodybuilders,Fitness & Nutrition,"bodybuilding meal prep",9900,42,Medium,Amazon Affiliate (containers + supplements),Digital Product (meal plan ebook),$15-$80,$800-$5000,Male gym-goers 18-35,Recipe posts + weekly plan templates,"high protein meal prep, bulking meal plan, cutting meal prep ideas, bodybuilding grocery list, macro friendly recipes",Amazon Associates / MyProtein / Transparent Labs,9,Stable,Passionate audience that buys supplements regularly ($40-100/mo)
4,Indoor Herb Gardens,Home & Garden,"indoor herb garden",12100,30,Low-Medium,Amazon Affiliate (kits + lights),Digital Product (growing guide),$25-$150,$600-$4000,Urban dwellers & home cooks,How-to guides + product reviews,"best indoor herb garden kit, aerogarden herbs, grow herbs indoors winter, kitchen herb garden, windowsill herb planter",Amazon Associates / AeroGarden,9,Stable,Evergreen hobby niche with high purchase intent
5,Campervan Electrical Systems,Van Life,"campervan electrical system",4400,22,Low,Amazon Affiliate (solar + batteries),Digital Product (wiring diagram ebook),$100-$2000,$1000-$6000,Van lifers & DIY builders 25-40,Technical guides + diagrams,"campervan solar panel setup, van life battery system, 12v electrical system van, campervan inverter setup, van life electrical diagram",Amazon Associates / Renogy Affiliate,8,Growing,High-ticket items + passionate DIY community
6,Dog Enrichment Toys,Pets,"dog enrichment toys",8100,25,Low,Amazon Affiliate,Digital Product (enrichment activity guide),$10-$50,$500-$3000,Dog owners 25-50,Review articles + activity ideas,"best puzzle toys for dogs, snuffle mat for dogs, lick mat for dogs, dog brain games, interactive dog toys",Amazon Associates / Chewy Affiliate,9,Growing,Pet spending is recession-proof. $136B US pet industry
7,Budget Home Espresso,Coffee & Beverages,"best espresso machine under 200",9900,38,Medium,Amazon Affiliate,Digital Product (espresso technique guide),$100-$300,$800-$5000,Coffee enthusiasts 25-45,Comparison reviews + brewing guides,"cheap espresso machine, best budget espresso, breville bambino review, espresso machine for beginners, home espresso setup",Amazon Associates,9,Stable,High commission items + consumable accessories (beans / grinders)
8,Notion Templates for Students,Productivity,"notion templates for students",6600,20,Low,Digital Products (template packs),Affiliate (Notion referral),$3-$15,$800-$6000,College students 18-24,Template showcases + tutorials,"notion student dashboard, notion study planner, notion assignment tracker, aesthetic notion template, notion college template",Notion Affiliate / Gumroad,8,Growing,Low production cost — can create templates in hours
9,Cold Plunge & Ice Bath,Health & Wellness,"cold plunge",33100,40,Medium,Amazon Affiliate (tubs + chillers),Digital Product (protocol guide),$100-$5000,$1500-$10000,Biohackers & fitness enthusiasts,Review articles + science explainers,"best cold plunge tub, cold plunge benefits, diy cold plunge, cold plunge protocol, ice bath at home",Amazon Associates / Plunge Affiliate,7,Growing Fast,Trending heavily thanks to Andrew Huberman & biohacking movement
10,Acoustic Guitar for Beginners,Music,"best acoustic guitar for beginners",22200,45,Medium,Amazon Affiliate,Digital Product (chord chart pack),$100-$400,$1000-$6000,Music hobbyists 15-35,Buying guides + lesson content,"beginner guitar, easy guitar songs, best guitar for adults, acoustic guitar under 200, guitar learning path",Amazon Associates / Fender Play Affiliate,10,Stable,Timeless niche — people always learning guitar
11,Home EV Charger Installation,Automotive / EV,"home ev charger",14800,32,Low-Medium,Amazon Affiliate (chargers),Digital Product (installation guide),$300-$800,$1000-$7000,EV owners & homebuyers,Buying guides + installation how-tos,"best level 2 ev charger, ev charger installation cost, home ev charging station, nema 14-50 ev charger, chargepoint home flex review",Amazon Associates / ChargePoint Affiliate,8,Growing Fast,EV market growing 25% YoY — early mover advantage
12,Sourdough Bread Baking,Food & Cooking,"sourdough bread recipe",40500,50,Medium-High,Amazon Affiliate (tools + flour),Digital Product (recipe ebook),$10-$60,$500-$4000,Home bakers 25-55,Recipe posts + technique tutorials,"sourdough starter, sourdough discard recipes, sourdough bread for beginners, sourdough tools, best bread flour",Amazon Associates / King Arthur Flour,9,Stable,Post-pandemic hobby that stuck. Passionate community
13,Mechanical Keyboards,Tech & Gaming,"mechanical keyboard",49500,55,High,Amazon Affiliate,Content site (review/comparison ad revenue),$50-$300,$1000-$8000,Tech enthusiasts & gamers 18-35,Review roundups + build guides,"best mechanical keyboard, custom mechanical keyboard, hot swappable keyboard, keyboard switches guide, 65 percent keyboard",Amazon Associates / Drop Affiliate,8,Stable,Sub-niche into specific switches or sizes to reduce competition
14,Urban Balcony Gardening,Home & Garden,"balcony garden",6600,18,Low,Amazon Affiliate (planters + soil),Digital Product (apartment garden guide),$15-$80,$400-$2500,Apartment dwellers 25-40,How-to guides + plant recommendations,"small balcony garden ideas, best plants for balcony, balcony vegetable garden, apartment gardening, balcony planter boxes",Amazon Associates,8,Growing,Urbanization trend = more apartments = more demand
15,Blue Light Blocking Glasses,Health & Wellness,"blue light glasses",22200,42,Medium,Amazon Affiliate,Digital Product (digital eye health guide),$15-$60,$800-$5000,Office workers & gamers 20-45,Science explainers + product reviews,"best blue light blocking glasses, do blue light glasses work, blue light glasses for gaming, computer glasses, blue light filter",Amazon Associates / Felix Gray Affiliate,7,Stable,Increasing screen time ensures ongoing demand
16,Portable Power Stations,Outdoors & Camping,"portable power station",33100,40,Medium,Amazon Affiliate,YouTube reviews,$200-$2000,$1500-$10000,Campers & emergency preppers,Comparison reviews + use case guides,"best portable power station, jackery vs bluetti, solar generator for camping, emergency power backup, portable power station for rv",Amazon Associates / Jackery / Bluetti Affiliate,8,Growing Fast,High-ticket items = high commissions ($20-$100 per sale)
17,Minimalist Wardrobe / Capsule Closet,Fashion & Lifestyle,"capsule wardrobe",14800,30,Low-Medium,Affiliate (ethical fashion brands),Digital Product (wardrobe planner),$0-$50,$500-$4000,Women 25-40 interested in sustainability,Guides + outfit planners + brand reviews,"capsule wardrobe checklist, minimalist wardrobe essentials, how to build a capsule wardrobe, capsule wardrobe men, 30 piece wardrobe",RewardStyle / ShopStyle Affiliate,8,Growing,Overlap with sustainability and minimalism movements
18,Puppy Training (First 8 Weeks),Pets,"puppy training",33100,48,Medium,Amazon Affiliate (crates + treats),Digital Product (training schedule ebook),$10-$50,$1000-$6000,New puppy owners,Step-by-step training guides + video,"puppy training schedule, crate training puppy, how to potty train a puppy, puppy biting, first week with new puppy",Amazon Associates / Chewy / BarkBox Affiliate,10,Stable,Millions of puppies adopted every year — evergreen audience
19,Home Server / Self-Hosting,Tech,"home server",9900,25,Low,Amazon Affiliate (NAS + mini PCs),Digital Product (setup guide),$100-$500,$600-$4000,Tech hobbyists & privacy advocates,Tutorial articles + hardware reviews,"best home server, home lab setup, self hosted alternatives, nas for beginners, raspberry pi home server",Amazon Associates,8,Growing,Privacy awareness + AI/data sovereignty movement fueling demand
20,ADHD Productivity Systems,Mental Health & Productivity,"adhd productivity",6600,22,Low,Digital Products (planners + systems),Affiliate (apps + tools),$5-$30,$800-$5000,Adults with ADHD 20-40,System guides + tool reviews + personal essays,"adhd planner, adhd productivity tips, adhd time management, best apps for adhd, adhd organization systems",Notion Affiliate / Amazon / App Affiliates,8,Growing Fast,Increasing ADHD diagnoses + destigmatization = growing audience
21,3D Printing for Beginners,Tech & Hobbies,"best 3d printer for beginners",22200,38,Medium,Amazon Affiliate,Digital Product (first prints guide),$150-$500,$1000-$6000,Hobbyists & makers 18-40,Buying guides + project tutorials,"cheap 3d printer, ender 3 vs bambu lab, 3d printing filament guide, best first 3d prints, 3d printer settings",Amazon Associates / MatterHackers Affiliate,8,Growing,Prices dropping = more hobbyists entering
22,Sleep Hygiene for Night Shift Workers,Health,"night shift sleep",4400,15,Low,Amazon Affiliate (blackout curtains + sleep aids),Digital Product (shift worker sleep guide),$15-$80,$400-$2500,Night shift workers (nurses + factory),Guides + product recommendations,"night shift sleep schedule, blackout curtains for day sleeping, melatonin for night shift, night shift health tips, sleeping after night shift",Amazon Associates,9,Stable,Underserved sub-niche of the $432B sleep economy
23,Aeroponics & Tower Gardens,Home & Garden,"tower garden",8100,20,Low,Amazon Affiliate (tower kits),Digital Product (growing guide),$150-$600,$600-$4000,Urban gardeners & health enthusiasts,Setup guides + yield comparisons,"tower garden review, aeroponic garden, best tower garden, indoor tower garden, tower garden vs aerogarden",Amazon Associates / Tower Garden Affiliate,7,Growing,Sub-niche of indoor gardening with less competition
24,Portable Projector for Bedroom,Home Entertainment,"portable projector",27100,40,Medium,Amazon Affiliate,Content site with reviews,$50-$400,$1000-$6000,College students & apartment dwellers,Comparison reviews + setup guides,"best portable projector, mini projector for bedroom, projector vs tv, cheap projector review, projector for netflix",Amazon Associates,8,Stable,Replacing TVs in younger demographics
25,Keto Meal Prep,Diet & Nutrition,"keto meal prep",12100,38,Medium,Amazon Affiliate (containers + ingredients),Digital Product (weekly plan ebook),$10-$40,$800-$5000,Keto dieters 25-50,Weekly meal plans + grocery lists,"keto meal prep ideas, easy keto meals, keto meal prep for beginners, low carb meal prep, keto grocery list",Amazon Associates / ButcherBox Affiliate,7,Stable,Diet fads cycle but keto has staying power
26,Beeswax Wraps & Eco Kitchen,Sustainability,"beeswax wraps",6600,18,Low,Amazon Affiliate,Digital Product (zero-waste kitchen guide),$10-$30,$300-$2000,Eco-conscious consumers 25-45,Product reviews + DIY tutorials,"beeswax wrap diy, best beeswax wraps, zero waste kitchen, sustainable kitchen swaps, eco friendly food storage",Amazon Associates / EarthHero Affiliate,8,Growing,Sustainability is a multi-decade trend
27,Laser Engraving Projects,Crafts & Making,"laser engraver",18100,35,Medium,Amazon Affiliate (machines),Digital Product (project file packs),$200-$600,$1000-$7000,Crafters & small business makers,Project showcases + machine reviews,"best laser engraver for beginners, xtool d1 review, laser engraving ideas, laser cut projects, glowforge alternatives",Amazon Associates / xTool Affiliate,7,Growing,Maker movement + Etsy sellers driving demand
28,Cat Behavior & Training,Pets,"cat behavior",6600,22,Low,Amazon Affiliate (toys + furniture),Digital Product (cat training ebook),$10-$80,$400-$3000,Cat owners 20-50,Behavior guides + product reviews,"why does my cat bite me, cat training tips, cat scratching furniture, cat enrichment ideas, how to train a cat",Amazon Associates / Chewy Affiliate,9,Stable,Fewer content sites vs. dog niches = less competition
29,Journaling for Mental Health,Mental Health,"journaling for mental health",5400,20,Low,Amazon Affiliate (journals + pens),Digital Product (journal prompt packs),$5-$30,$500-$3500,Adults 20-40 interested in self-improvement,Prompt lists + technique guides,"journal prompts, journaling benefits, how to start journaling, gratitude journal, bullet journal mental health",Amazon Associates / Papier Affiliate,9,Growing,Mental health awareness + wellness trend
30,Drone Photography for Beginners,Photography,"drone photography",5400,28,Low-Medium,Amazon Affiliate (drones),Digital Product (composition guide),$100-$1500,$800-$5000,Photography hobbyists & travelers,Buying guides + technique tutorials,"best drone for photography, drone camera settings, drone photography tips, dji mini 4 review, drone photography legal",Amazon Associates / DJI Affiliate,8,Growing,Prices dropping + regulations stabilizing
31,Home Gym on a Budget,Fitness,"home gym on a budget",6600,30,Low-Medium,Amazon Affiliate (equipment),Digital Product (workout program),$20-$300,$600-$4000,Fitness enthusiasts 25-40,Equipment reviews + workout plans,"best home gym equipment, budget home gym, garage gym setup, home gym essentials, compact home gym",Amazon Associates / REP Fitness Affiliate,9,Stable,Post-pandemic hybrid gym culture is permanent
32,Fermented Foods (Kimchi / Kombucha / Sauerkraut),Food & Health,"how to make kombucha",14800,32,Medium,Amazon Affiliate (kits + jars),Digital Product (fermentation recipe book),$10-$40,$500-$4000,Health-conscious foodies,Recipe tutorials + science explainers,"kombucha recipe, how to make kimchi, fermented vegetables, sauerkraut recipe, fermentation kit",Amazon Associates,9,Stable,Gut health trend sustaining demand
33,Posture Correction,Health & Wellness,"posture corrector",27100,42,Medium,Amazon Affiliate (correctors + ergonomic gear),Digital Product (posture exercise guide),$15-$60,$800-$5000,Office workers with back pain 25-55,Product reviews + exercise guides,"best posture corrector, posture exercises, desk posture tips, posture corrector review, how to fix rounded shoulders",Amazon Associates,9,Stable,Sedentary lifestyle = permanent demand
34,Board Game Cafe Business,Entrepreneurship,"board game cafe",2900,12,Low,Digital Products (business plan template),Affiliate (POS systems + suppliers),$0-$50 (digital),$400-$2000,Aspiring cafe owners,Business guides + case studies,"how to open a board game cafe, board game cafe business plan, board game cafe cost, board game cafe menu ideas, board game cafe near me",Toast POS Affiliate / Amazon,7,Growing,Experience economy driving new cafes
35,Astrophotography,Photography,"astrophotography",14800,35,Medium,Amazon Affiliate (telescopes + cameras),Digital Product (settings cheat sheet),$200-$2000,$800-$6000,Astronomy & photography hobbyists,Gear reviews + technique tutorials,"best camera for astrophotography, astrophotography settings, star tracker for astrophotography, milky way photography, light pollution map",Amazon Associates / B&H Affiliate,9,Stable,Timeless hobby with expensive gear = high commissions
36,Digital Planner for iPad,Productivity,"digital planner",18100,30,Low-Medium,Digital Products (planner files),Affiliate (iPad + Apple Pencil),$5-$20,$1000-$8000,iPad users & planner enthusiasts,Etsy + Gumroad sales + tutorials,"digital planner for goodnotes, ipad planner, digital planner free, best digital planner, hyperlinked digital planner",Gumroad / Amazon Associates,8,Growing,Digital planner market exploding on Etsy
37,Noise Cancelling for Focus,Tech & Productivity,"best noise cancelling headphones for work",6600,38,Medium,Amazon Affiliate,Digital Product (deep work guide),$100-$400,$800-$5000,Remote workers & students,Comparison reviews + productivity tips,"best anc headphones, noise cancelling for office, sony wh1000xm5 vs airpods max, headphones for concentration, white noise for focus",Amazon Associates,9,Stable,Remote work = permanent demand for focus tools
38,Outdoor Pizza Ovens,Food & Outdoor Living,"outdoor pizza oven",18100,35,Medium,Amazon Affiliate,Digital Product (pizza recipe book),$150-$800,$1000-$7000,Home cooking enthusiasts,Reviews + recipe content,"best outdoor pizza oven, ooni pizza oven review, wood fired pizza oven, pizza oven recipes, portable pizza oven",Amazon Associates / Ooni Affiliate,8,Growing,Backyard cooking trend accelerating
39,Toddler Montessori Activities,Parenting,"montessori activities toddler",8100,22,Low,Amazon Affiliate (toys + materials),Digital Product (activity calendar),$10-$40,$600-$4000,Parents of 1-3 year olds,Activity guides + toy reviews,"montessori toys, toddler learning activities, montessori at home, montessori shelf ideas, best montessori toys 2 year old",Amazon Associates / Lovevery Affiliate,9,Growing,Montessori approach going mainstream
40,Vintage Watch Collecting,Fashion & Hobbies,"vintage watches",9900,30,Low-Medium,Affiliate (Chrono24 + watch dealers),Digital Product (buying guide),$50-$5000,$500-$4000,Watch enthusiasts 30-55,Buying guides + history articles,"best vintage watches, affordable vintage watches, vintage omega, vintage seiko, how to buy vintage watches",Chrono24 Affiliate / Amazon,8,Stable,Luxury hobby with high-AOV products
41,Tiny House Living,Housing & Lifestyle,"tiny house",33100,45,Medium,Amazon Affiliate (space-saving products),Digital Product (tiny house planning guide),$20-$200,$800-$5000,Minimalists & housing-cost-conscious 25-45,Planning guides + product reviews,"tiny house cost, tiny house plans, tiny house on wheels, tiny house interior, how to build a tiny house",Amazon Associates,8,Stable,Housing affordability crisis sustaining interest
42,Podcast Equipment for Beginners,Content Creation,"podcast equipment",9900,32,Medium,Amazon Affiliate (mics + interfaces),Digital Product (podcast launch checklist),$50-$300,$800-$5000,Aspiring podcasters,Gear reviews + setup guides,"best podcast microphone, podcast starter kit, podcast recording setup, best mic for podcasting, podcast editing software",Amazon Associates / Riverside.fm Affiliate,8,Stable,Podcasting still growing — 500M+ listeners globally
43,Anti-Aging Skincare Routine,Beauty & Health,"anti aging skincare",14800,45,Medium,Amazon Affiliate (products),Digital Product (routine builder),$20-$100,$1000-$7000,Women 30-55,Ingredient guides + routine builders,"best anti aging serum, retinol skincare routine, anti aging for 30s, skincare routine order, best sunscreen anti aging",Amazon Associates / Sephora Affiliate,9,Stable,Beauty is one of the highest-CPM niches for ads
44,Aquascaping (Planted Aquariums),Pets & Hobbies,"aquascaping",8100,20,Low,Amazon Affiliate (equipment + plants),Digital Product (beginner setup guide),$50-$500,$500-$4000,Aquarium hobbyists,Setup tutorials + equipment reviews,"aquascaping for beginners, planted tank setup, best aquascaping plants, aquascape substrate, co2 for planted tank",Amazon Associates / Buce Plant Affiliate,8,Stable,Niche hobby with very dedicated community & repeat purchases
45,Work From Home Tax Deductions,Finance,"work from home tax deduction",6600,28,Low-Medium,Affiliate (tax software),Digital Product (tax deduction checklist),$5-$20,$600-$4000,Remote workers & freelancers,Guides + calculators + checklists,"home office tax deduction, wfh tax write offs, self employed tax deductions, home office deduction calculator, remote work taxes",TurboTax / H&R Block Affiliate,8,Stable,Seasonal spike (Jan-Apr) but always relevant
46,Car Camping & Overlanding,Outdoors,"car camping",14800,30,Low-Medium,Amazon Affiliate (gear),Digital Product (gear checklist),$20-$500,$800-$5000,Outdoor enthusiasts 25-45,Gear reviews + trip guides,"car camping essentials, overlanding setup, best car camping gear, suv camping, rooftop tent review",Amazon Associates / REI Affiliate,8,Growing,More accessible than van life — growing fast
47,Smart Home for Renters,Tech & Home,"smart home for renters",2400,12,Low,Amazon Affiliate (smart devices),Digital Product (setup guide),$20-$200,$400-$2500,Renters 22-35,Setup guides + product reviews,"best smart home devices for renters, smart home without drilling, renter friendly smart lock, smart plugs, smart lighting for apartments",Amazon Associates,8,Growing,Underserved angle — most smart home content assumes homeownership
48,Crochet Patterns for Beginners,Crafts,"crochet for beginners",18100,28,Low-Medium,Digital Products (pattern packs),Affiliate (yarn + supplies),$3-$15,$800-$6000,Crafters 20-50 (predominantly women),Pattern tutorials + supply reviews,"easy crochet patterns, crochet blanket pattern, crochet for beginners, amigurumi patterns, crochet hooks set",Etsy / Amazon Associates / Gumroad,9,Stable,Massive community + digital patterns have near-zero production cost
49,Electric Bike Commuting,Transportation,"electric bike",40500,50,Medium-High,Amazon Affiliate (e-bikes + accessories),Digital Product (commuter guide),$500-$3000,$1500-$10000,Urban commuters 25-50,Comparison reviews + commuting guides,"best electric bike, ebike for commuting, ebike under 1000, rad power bikes review, electric bike conversion kit",Amazon Associates / Rad Power Affiliate,7,Growing Fast,High-ticket items. Sub-niche into "e-bikes under $1000" to reduce competition
50,AI Chatbot for Small Business,AI & Business,"ai chatbot for business",5400,25,Low-Medium,Affiliate (chatbot platforms),Digital Product (implementation guide),$0-$100/mo,$800-$5000,Small business owners,Comparison reviews + setup tutorials,"best ai chatbot for website, chatbot for small business, ai customer service bot, chatbot comparison, how to add chatbot to website",Intercom / Tidio / ManyChat Affiliate,7,Growing Fast,Every small business will need AI chatbots — massive wave incoming
